name,email,gender
Garvey,gguys0@linkedin.com,Male
Cathryn,cwroughton1@pbs.org,Female
Filip,foylett2@rakuten.co.jp,Male
Abramo,aschankel3@so-net.ne.jp,Male
Nerissa,nbrumen4@nhs.uk,Female
Elianora,emacura5@cnn.com,Female
Dex,dcescot6@1688.com,Male
Meryl,mspeers7@paginegialle.it,Genderqueer
Caddric,cadolfson8@amazonaws.com,Male
Winthrop,wroselli9@slashdot.org,Male
Jermaine,jlebruna@mlb.com,Male
Clemence,cbrecknockb@phpbb.com,Female
Joey,jwilbyc@si.edu,Male
Alvan,agorwoodd@skype.com,Male
Alano,abummfreye@paginegialle.it,Male
Cathleen,cdixf@xing.com,Female
Hank,hvigoursg@tiny.cc,Bigender
Osmond,obesseth@walmart.com,Bigender
Rickert,rrawlencei@godaddy.com,Male
Renata,rcotilardj@rambler.ru,Female
Reinhold,rgiannik@mlb.com,Male
Lonnie,lmacanellyel@usda.gov,Female
Allis,afaganm@topsy.com,Female
Gaspar,gkarlssonn@photobucket.com,Male
Bili,bwhewillo@arizona.edu,Female
Philis,pparslowp@ed.gov,Female
Whit,wkernerq@netlog.com,Male
Jammal,jmerrydewr@fastcompany.com,Male
Leigha,lreys@dailymotion.com,Polygender
Chico,ctomaszewiczt@163.com,Male
Abraham,adominicacciu@seattletimes.com,Male
Spencer,sdaubenyv@biblegateway.com,Male
Langston,ltemplarw@sfgate.com,Male
Vasili,vmatherx@weebly.com,Male
Carlynn,cnottinghamy@baidu.com,Female
Lem,lgonnelyz@usgs.gov,Male
Gipsy,ggonoude10@ox.ac.uk,Female
Pierette,pbaldcock11@cisco.com,Female
Innis,ibartholomieu12@google.de,Male
Wyn,wremmers13@eepurl.com,Male
Shel,skamien14@ted.com,Female
Teresina,ttalloe15@sina.com.cn,Female
Lorne,lurlich16@mit.edu,Female
Jarrod,jcoulthurst17@xrea.com,Male
Amata,afoxcroft18@engadget.com,Female
Merl,mlaurens19@cornell.edu,Female
Bruce,bjermy1a@wix.com,Male
Evelina,ebarrabeale1b@goo.ne.jp,Female
Chico,cmcalinion1c@google.co.uk,Male
Jennette,jgiamitti1d@themeforest.net,Female
Selle,snestoruk1e@topsy.com,Female
Wain,wfeatherstone1f@clickbank.net,Male
Isahella,ititmuss1g@businesswire.com,Female
Ofella,oportch1h@army.mil,Female
Anni,aeasman1i@phpbb.com,Female
Bobbi,bellesworth1j@geocities.com,Female
Levi,lhovell1k@nasa.gov,Male
Miriam,moliphard1l@bloomberg.com,Female
Noah,nchinnock1m@surveymonkey.com,Polygender
Kristos,kstandbrook1n@github.io,Male
Prentice,pchatburn1o@hud.gov,Male
Julietta,jizaks1p@php.net,Bigender
Cristin,ctiller1q@prweb.com,Female
Daphna,ddyshart1r@sina.com.cn,Female
Jobey,jmanifold1s@fda.gov,Female
Des,dgrunson1t@marriott.com,Non-binary
Vladimir,vgetcliff1u@a8.net,Male
Ernaline,ebrannigan1v@wufoo.com,Female
Raymund,rattenbrough1w@wunderground.com,Male
Rene,rgotfrey1x@scientificamerican.com,Male
Tadeo,tkirstein1y@phoca.cz,Male
Shara,smartinon1z@jigsy.com,Female
Collin,cslaight20@globo.com,Male
Ediva,ematuszkiewicz21@cam.ac.uk,Female
George,gvass22@europa.eu,Male
Llewellyn,lblesdill23@joomla.org,Male
Cordy,cflory24@imageshack.us,Male
Hartley,hcellier25@gravatar.com,Male
Kassi,kcastaignet26@webeden.co.uk,Female
Aharon,ablenkin27@fc2.com,Male
Shena,sliccardo28@naver.com,Female
Michaeline,mdinkin29@jimdo.com,Female
Bail,bharroll2a@bizjournals.com,Male
Alexandr,aaleksandrikin2b@aboutads.info,Male
Tania,tlawless2c@independent.co.uk,Female
Ellyn,ewoolhouse2d@artisteer.com,Female
Charlotta,csaulter2e@twitter.com,Female
Ken,kdorling2f@indiatimes.com,Male
Beverlee,bmorritt2g@ustream.tv,Female
Benedikta,bwolstenholme2h@wikia.com,Female
Case,cbenterman2i@wikipedia.org,Male
Drona,dtregien2j@intel.com,Female
Marrilee,maddeycott2k@cnn.com,Female
Fredek,fbowes2l@archive.org,Male
Nickolaus,nclarycott2m@loc.gov,Male
Gustaf,gkelwaybamber2n@ed.gov,Male
Lanny,lseville2o@mozilla.com,Male
Violetta,vwrixon2p@buzzfeed.com,Female
Corbett,cdaltrey2q@goo.gl,Male
Maynord,mkemmons2r@booking.com,Genderfluid
Goran,giredell2s@nsw.gov.au,Male
Jamima,jsargant2t@europa.eu,Female
Aila,arochelle2u@hao123.com,Female
Jorry,jeggerton2v@digg.com,Female
Leann,lwillingam2w@reddit.com,Female
Karisa,ksagrott2x@ning.com,Female
Waylon,whackett2y@nba.com,Male
Alfy,alensch2z@bluehost.com,Female
Catharine,cshaxby30@sakura.ne.jp,Female
Nevile,nnewby31@oakley.com,Male
Jeanine,jquestier32@slideshare.net,Polygender
Viva,vsyer33@usa.gov,Female
Tobi,tbidgod34@jalbum.net,Female
Lorita,ltoulamain35@dot.gov,Female
Sullivan,scaseley36@vimeo.com,Male
Avie,aathersmith37@nationalgeographic.com,Female
Robby,roldknowe38@desdev.cn,Male
Felipa,fgoodisson39@github.com,Female
Angy,amaciejak3a@bloglovin.com,Female
Rowena,rgirling3b@nba.com,Female
Lester,lclurow3c@indiegogo.com,Male
Larina,lfippe3d@pbs.org,Female
Rolf,rpowers3e@hatena.ne.jp,Male
Jo,jgeeve3f@hugedomains.com,Female
Lilli,lmeaton3g@hc360.com,Female
Caresa,crobilart3h@tumblr.com,Female
Lombard,llathwood3i@wikispaces.com,Male
Walsh,wmarsland3j@ifeng.com,Male
Krissy,kblindermann3k@rambler.ru,Female
Albina,aspolton3l@naver.com,Female
Farleigh,fkaufman3m@google.it,Male
Tito,tilive3n@cocolog-nifty.com,Male
Arlan,amcvittie3o@ameblo.jp,Male
Penny,pyanukhin3p@linkedin.com,Male
Trudey,tgawkroge3q@nyu.edu,Female
Ava,awillock3r@mediafire.com,Female
Idalia,ipenticoot3s@addthis.com,Polygender
Ricca,rloft3t@marriott.com,Female
Laurent,lgalton3u@ca.gov,Male
Ebenezer,erosone3v@unesco.org,Male
Neale,nbrasener3w@xrea.com,Male
Justis,jniece3x@squarespace.com,Male
Rhianon,rdalliwatr3y@ovh.net,Female
Shaw,sjacobi3z@npr.org,Male
Joly,jpringell40@blogger.com,Bigender
Rozele,rvandecappelle41@storify.com,Female
Clarey,cramsby42@wikimedia.org,Female
Ambrosius,aphoenix43@g.co,Male
Tate,tcasellas44@sphinn.com,Male
Brien,bnicolls45@moonfruit.com,Polygender
Jorey,jhalfhide46@webs.com,Female
Aggi,aloney47@patch.com,Female
Adelina,aearp48@360.cn,Female
Aurthur,adavitashvili49@wikimedia.org,Male
Cornell,cclineck4a@wp.com,Male
Cindie,crees4b@slate.com,Bigender
Gus,gfrancescone4c@unesco.org,Female
Merry,mpinkett4d@washington.edu,Non-binary
Ruttger,rohogertie4e@timesonline.co.uk,Male
Margeaux,mhaggeth4f@macromedia.com,Female
Candide,ccaulton4g@cbsnews.com,Female
Sammy,sjeyness4h@cornell.edu,Female
Marna,mchallenor4i@liveinternet.ru,Genderfluid
Nettle,nstife4j@epa.gov,Female
Harman,honeill4k@eventbrite.com,Male
Rogerio,rbarnshaw4l@parallels.com,Male
Gabriel,glynnett4m@51.la,Bigender
Shelagh,sellgood4n@ifeng.com,Female
Murdoch,mfranzschoninger4o@ycombinator.com,Genderfluid
Archibaldo,atradewell4p@livejournal.com,Male
Alaster,aterney4q@nydailynews.com,Male
Cloris,cbuttel4r@marketwatch.com,Female
Chancey,cchander4s@123-reg.co.uk,Male
Valentin,vbortoletti4t@bandcamp.com,Bigender
Shermie,sgirk4u@ezinearticles.com,Male
Barth,bmatthius4v@networkadvertising.org,Male
Stanton,scheckley4w@upenn.edu,Male
Kelsey,kgooding4x@prlog.org,Bigender
Karin,kpulman4y@nsw.gov.au,Female
Petr,pgrassick4z@elegantthemes.com,Male
Amby,achesher50@noaa.gov,Male
Cully,creimers51@hhs.gov,Male
Tommi,tblanking52@plala.or.jp,Female
Fina,fmcmurty53@ca.gov,Female
Marie-ann,msimco54@unblog.fr,Female
Yank,yireson55@phoca.cz,Male
Nathanil,nmewe56@lycos.com,Male
Rog,rsiemons57@apple.com,Male
Costanza,cchatenet58@com.com,Female
Anita,alackey59@imageshack.us,Female
Jakie,jtudge5a@mayoclinic.com,Male
Woodrow,wrydeard5b@symantec.com,Male
Ad,azammitt5c@skyrock.com,Bigender
Sol,sdumbell5d@liveinternet.ru,Male
Flynn,fdickenson5e@theglobeandmail.com,Male
Shanda,sivett5f@elpais.com,Female
Peggy,psowte5g@vkontakte.ru,Female
Laurel,lstilgoe5h@hao123.com,Female
Hermine,hhelgass5i@goo.ne.jp,Female
Rosamund,rspofforth5j@g.co,Female
Heindrick,hwiersma5k@phpbb.com,Male
Tillie,tmattiazzi5l@scribd.com,Female
Obadiah,ovassel5m@economist.com,Male
Guido,gpetracchi5n@pinterest.com,Male
Lauretta,labbati5o@webs.com,Genderfluid
Berri,bbudibent5p@tamu.edu,Female
Krysta,kcubley5q@huffingtonpost.com,Female
Barn,bdahlman5r@goo.gl,Male
Mikol,mkeling5s@123-reg.co.uk,Male
Pasquale,ptosney5t@ucoz.com,Male
Jolee,jwillowby5u@google.cn,Female
Korry,kkiefer5v@mashable.com,Female
Nessy,npannaman5w@joomla.org,Female
Eda,eoxbrough5x@fema.gov,Female
Ilyssa,icainey5y@cdbaby.com,Female
Adria,agyford5z@nymag.com,Female
Markus,mkarslake60@discovery.com,Male
Samuele,strenholm61@zimbio.com,Male
Van,vlinstead62@ucoz.ru,Male
Jehu,jegan63@sciencedirect.com,Male
Dolores,dcoulsen64@tumblr.com,Female
Dani,dbold65@time.com,Female
Felipa,fallman66@google.co.uk,Female
Waiter,wboult67@blinklist.com,Genderfluid
Lucine,lupchurch68@nasa.gov,Female
Friederike,fbampkin69@angelfire.com,Female
Demetre,delcom6a@github.com,Male
Gizela,ggallie6b@reddit.com,Female
Giselbert,gcarah6c@naver.com,Male
Pincas,pfayer6d@yellowbook.com,Male
Jozef,jmakinson6e@nhs.uk,Male
Randall,rcotgrove6f@slate.com,Male
Elie,egrigoriev6g@wix.com,Non-binary
Jamison,jcursons6h@1und1.de,Male
Eb,edo6i@senate.gov,Male
Ulric,udenisovich6j@dailymotion.com,Male
Talya,ttoth6k@toplist.cz,Female
Mara,mrowston6l@admin.ch,Female
Martha,mbrozek6m@foxnews.com,Female
Gratiana,gdurrance6n@arizona.edu,Female
Lynnea,lflott6o@vinaora.com,Female
Leonore,lszreter6p@latimes.com,Female
Berrie,blorey6q@usatoday.com,Agender
Forster,flattey6r@toplist.cz,Male
Ozzie,omctrusty6s@reference.com,Male
Layne,lmacveigh6t@irs.gov,Non-binary
Else,ecrosio6u@theglobeandmail.com,Female
Victor,vkleuer6v@npr.org,Male
Leonore,lhumbles6w@gnu.org,Female
Delphinia,dspringtorpe6x@tripadvisor.com,Female
Shirlene,slaurisch6y@exblog.jp,Female
Milena,mdodd6z@nbcnews.com,Female
Mordecai,mguerner70@icq.com,Male
Alberik,awestphal71@rambler.ru,Male
Kaila,kmacbane72@google.com,Female
Fletch,fgreader73@printfriendly.com,Male
Nealon,nlanahan74@dedecms.com,Male
Xenia,xrosewell75@liveinternet.ru,Female
Linette,llatan76@theglobeandmail.com,Female
Linell,luzielli77@slashdot.org,Female
Dario,dmoloney78@dion.ne.jp,Male
Kelci,kmcmoyer79@google.co.uk,Female
Deny,dcrickmoor7a@gov.uk,Female
Rita,rcicculini7b@indiatimes.com,Female
Anitra,aligoe7c@pbs.org,Female
Nydia,nmulvin7d@desdev.cn,Female
Ealasaid,edreye7e@mayoclinic.com,Female
Gayler,gellard7f@freewebs.com,Male
Pamella,pcoutts7g@booking.com,Female
Ealasaid,espirit7h@booking.com,Female
Simone,smore7i@comsenz.com,Male
Netti,nriggott7j@accuweather.com,Female
Tristan,trhodes7k@4shared.com,Male
Ragnar,rvye7l@telegraph.co.uk,Male
Florinda,fguiducci7m@wikimedia.org,Female
Nomi,ntetla7n@taobao.com,Female
Jenna,jfortescue7o@webeden.co.uk,Female
Aurilia,abrennon7p@msn.com,Female
Kalila,ktzuker7q@washington.edu,Female
Moshe,mbatte7r@woothemes.com,Male
Stella,ssmewings7s@t-online.de,Female
Darsie,dbottoms7t@cyberchimps.com,Female
Rudd,rdionisio7u@amazon.co.jp,Male
Bonni,bstanley7v@clickbank.net,Female
Roland,rhousego7w@wordpress.org,Male
Cary,ccorck7x@ox.ac.uk,Female
Christalle,ccorse7y@globo.com,Female
Corissa,ccano7z@yellowbook.com,Polygender
Otis,oleteve80@tinypic.com,Male
Cary,cself81@wunderground.com,Male
Kelcy,khoggins82@wordpress.org,Female
Bellanca,bvanthoff83@google.es,Female
Dannie,dalloway84@narod.ru,Male
Cherrita,cwestby85@yandex.ru,Female
Malinda,mdoeg86@boston.com,Female
Idaline,ibonwell87@mapy.cz,Non-binary
Deonne,dclynmans88@rambler.ru,Female
Chicky,cgallety89@cnet.com,Female
Auberon,ativnan8a@wufoo.com,Male
Wilhelm,wgilding8b@vimeo.com,Male
Guillermo,gbispham8c@purevolume.com,Male
Brunhilda,bhatter8d@topsy.com,Female
Cassius,ccaccavale8e@house.gov,Male
Ninnette,nphilipart8f@g.co,Female
Gerome,gmcelvine8g@abc.net.au,Male
Sherye,shughlock8h@digg.com,Female
Gaby,gdemeter8i@businessweek.com,Male
Lilly,lmartindale8j@addtoany.com,Female
Zaneta,zruckhard8k@dagondesign.com,Female
Nata,nkamienski8l@plala.or.jp,Female
Clement,cdmytryk8m@soup.io,Male
Karlens,kdominique8n@livejournal.com,Male
Raven,rblowen8o@independent.co.uk,Female
Audie,askells8p@nature.com,Female
Patton,phouseley8q@ibm.com,Male
Cchaddie,cfetter8r@geocities.com,Male
Robinette,rmourgue8s@hatena.ne.jp,Female
York,yservice8t@wordpress.com,Male
Richie,rconnerly8u@boston.com,Male
Honoria,hfairbanks8v@oakley.com,Female
Quintus,qhuggon8w@mapy.cz,Male
Fiona,fsthill8x@amazon.co.uk,Female
Steffi,shagerty8y@e-recht24.de,Female
Fredrick,fwoolens8z@rakuten.co.jp,Male
Lanny,lsiddall90@discuz.net,Female
Brion,btyson91@businesswire.com,Genderfluid
Sibelle,ssmalecombe92@sourceforge.net,Female
Constancy,cecclestone93@delicious.com,Female
Moss,mvedikhov94@sciencedaily.com,Male
Tersina,tcattermull95@pen.io,Female
Maxine,melacoate96@a8.net,Female
Hussein,hsackur97@cnn.com,Male
Wilfrid,wdoswell98@google.nl,Male
Shelly,sfergyson99@oracle.com,Female
Orrin,oessam9a@tuttocitta.it,Male
Darby,dbenito9b@guardian.co.uk,Male
Crissie,cdinesen9c@last.fm,Female
Quintana,qmilborn9d@arizona.edu,Female
Padraic,pteaz9e@ebay.co.uk,Male
Darren,dtinn9f@ted.com,Male
Merralee,mmacguire9g@seesaa.net,Female
Rochester,rstocking9h@blogtalkradio.com,Male
Alano,awight9i@ox.ac.uk,Male
Jemie,joller9j@scientificamerican.com,Female
Allyn,ayuryichev9k@simplemachines.org,Female
Michael,mfarney9l@freewebs.com,Male
Paxton,phadcock9m@nytimes.com,Male
Nikolai,nedgecombe9n@google.com.br,Male
Ugo,uboraston9o@example.com,Male
Colet,cgravenall9p@webeden.co.uk,Male
Saunder,sgodsil9q@buzzfeed.com,Male
Caitlin,ccarlaw9r@va.gov,Female
Leopold,lcasement9s@apple.com,Male
Rosanna,rbrusby9t@bing.com,Female
Lincoln,lyanov9u@scribd.com,Male
Justinian,jgarretts9v@facebook.com,Male
Rae,rcody9w@123-reg.co.uk,Female
Jillian,jaldwich9x@delicious.com,Female
Lev,lcockitt9y@fotki.com,Male
Kimmi,kfernley9z@barnesandnoble.com,Female
Morna,mlaylanda0@hugedomains.com,Female
Nickie,nedmundsona1@imdb.com,Male
Foster,fpenneya2@e-recht24.de,Male
Audra,ascholfielda3@tumblr.com,Female
Weider,weyrla4@digg.com,Male
Emmie,ematterdacea5@home.pl,Female
Brook,bvineya6@disqus.com,Male
Kerri,ksetforda7@over-blog.com,Polygender
Ardelle,afearna8@dropbox.com,Female
Bellanca,bplampeyna9@aol.com,Female
Alfie,amcmenaminaa@seesaa.net,Male
Garry,gpiattoab@mashable.com,Male
Nanci,nclaveringac@desdev.cn,Female
Aurelia,alummisad@friendfeed.com,Female
Theodor,tbassoae@cargocollective.com,Male
Siobhan,snormingtonaf@xinhuanet.com,Female
Toma,tbarbourag@amazonaws.com,Female
Ernestine,elundbeckah@people.com.cn,Female
Son,sdainterai@woothemes.com,Male
Meghan,mnootaj@weibo.com,Female
Heriberto,hhumbieak@sogou.com,Male
Robyn,rthunnercliffal@cnet.com,Female
Miles,mfraczekam@kickstarter.com,Male
Tonya,ttodaroan@uiuc.edu,Female
Babette,bclurowao@vkontakte.ru,Female
Gabie,gbanthorpeap@walmart.com,Female
Woodrow,wgotheraq@plala.or.jp,Male
Pearline,pgrunbaumar@buzzfeed.com,Female
Loree,lduranas@altervista.org,Genderqueer
Giovanna,gwestollat@dailymail.co.uk,Female
Dukie,dweskerau@4shared.com,Genderfluid
Morgan,mgounotav@godaddy.com,Male
Paolo,pschulzeaw@artisteer.com,Male
Nell,nfilipowiczax@360.cn,Female
Garfield,galdinsay@elpais.com,Male
Marcie,mfinessyaz@nih.gov,Bigender
Timmy,tshortb0@reverbnation.com,Male
Marcela,mchirmb1@hexun.com,Female
Gaylor,ghayballb2@hao123.com,Male
Evyn,epierseb3@archive.org,Agender
Jon,jburkillb4@edublogs.org,Male
Deina,ddudneyb5@time.com,Female
Dagny,dbandierab6@msn.com,Agender
Felipa,fbarribalb7@npr.org,Female
Ernestus,eheersb8@51.la,Male
Leroi,lmatresseb9@yellowpages.com,Male
Brigitta,bmartuginba@rediff.com,Female
Llewellyn,ldenseybb@slate.com,Male
Neile,nrowledgebc@usatoday.com,Female
Poppy,pmannionbd@mysql.com,Female
Charlena,cfolomkinbe@mtv.com,Female
Nikkie,nclissoldbf@wikispaces.com,Genderqueer
Idette,iausherbg@arstechnica.com,Female
Trevor,tdanielisbh@studiopress.com,Male
Tobi,twherrybi@squarespace.com,Female
Agosto,ahalsteadbj@dion.ne.jp,Male
Lionel,lgarnambk@oakley.com,Male
Harriott,hheppnerbl@goodreads.com,Female
Gunner,gquartermainbm@vkontakte.ru,Male
Aurea,aegebn@rediff.com,Female
Kristen,kblaymiresbo@sbwire.com,Female
Bartholemy,bbaiteybp@posterous.com,Male
Cristi,cratledgebq@t.co,Female
Chrystal,cbertenshawbr@businessweek.com,Agender
Alix,atwiddlebs@abc.net.au,Genderqueer
Elita,ehakenbt@nhs.uk,Female
Wilma,wdurnallbu@army.mil,Female
Pauly,pspinellobv@t.co,Male
Shara,sbodsworthbw@sohu.com,Female
Johan,jbrendebx@odnoklassniki.ru,Male
Johnny,jprobartby@wikispaces.com,Male
Walton,wcraigiebz@amazon.co.jp,Male
Camila,criddlesc0@exblog.jp,Female
Sophey,scrollmanc1@sina.com.cn,Genderqueer
Ashbey,aadolfc2@imageshack.us,Male
Raimundo,rhaslockec3@alexa.com,Male
Evey,egowanc4@4shared.com,Female
Trevor,tfenixc5@archive.org,Male
Darrel,dsalernoc6@toplist.cz,Male
Nedda,nlaugheranc7@wikipedia.org,Female
Clarance,cconrec8@harvard.edu,Male
Lettie,lmatthewmanc9@webs.com,Female
Noby,npesseltca@unc.edu,Male
Roi,rjosefssoncb@arstechnica.com,Male
Rochell,rdealmeidacc@about.com,Female
Galen,gvasiltsovcd@goo.ne.jp,Male
Carmel,cpischelce@amazon.com,Female
Norri,nlivickcf@csmonitor.com,Female
Nickie,nklichercg@utexas.edu,Female
Afton,atunneych@skyrock.com,Female
Walden,walennikovci@studiopress.com,Male
Doug,dcrowchecj@cisco.com,Male
Stefano,sdunbobinck@arstechnica.com,Male
Tandy,tfarrantscl@youtube.com,Female
Vernon,vharrowcm@umich.edu,Male
Kari,ktupiecn@wikispaces.com,Genderfluid
Flory,fcorpesco@adobe.com,Female
Conny,cbracknellcp@51.la,Male
Chantalle,ckeenancq@vkontakte.ru,Bigender
Modestia,mclausenthuecr@google.es,Female
Elnora,eembertoncs@salon.com,Female
Mignonne,myurocjkinct@utexas.edu,Female
Gussie,gelletoncu@altervista.org,Agender
Casey,ccullefordcv@epa.gov,Female
Vergil,vlevincw@stumbleupon.com,Male
Evered,eflipscx@freewebs.com,Male
Lona,lbonsalecy@unesco.org,Female
Seamus,smckaycz@blinklist.com,Male
Brandi,bstevensond0@webmd.com,Female
Thorndike,trichardesd1@simplemachines.org,Male
Scarface,sfoucardd2@barnesandnoble.com,Male
Lonny,lsherrettd3@cnbc.com,Male
Chicky,cgawthropd4@paginegialle.it,Male
Vernen,vhuitsond5@blogspot.com,Male
Darleen,dpristnord6@tinyurl.com,Female
Kylie,kfomichkind7@ebay.co.uk,Female
Vannie,vtallboyd8@auda.org.au,Female
Jakob,jshurmand9@pagesperso-orange.fr,Male
Emmye,ededhamda@theglobeandmail.com,Female
Katey,kriolfidb@quantcast.com,Polygender
Adolphe,aelvydc@nationalgeographic.com,Male
Wallis,wjerokdd@ebay.co.uk,Female
Orton,oblondellde@unicef.org,Male
Tanya,tconwaydf@blog.com,Genderqueer
Milton,mmccaughendg@microsoft.com,Male
Robbin,rtampendh@163.com,Female
Nolly,nbampfielddi@mashable.com,Polygender
Augustus,acarringtondj@studiopress.com,Genderqueer
Glenda,gfranzeldk@indiegogo.com,Female
Elden,eantrumdl@slideshare.net,Male
Matelda,mkirszdm@businessweek.com,Female
Bing,bcawkilldn@hexun.com,Male
Christiana,chansiedo@photobucket.com,Female
Noel,ntomleydp@virginia.edu,Bigender
Tatiana,tphizakarleydq@hao123.com,Bigender
Lem,lducaendr@ed.gov,Male
Germaine,gvoasds@aboutads.info,Polygender
Barron,bklulikdt@cbc.ca,Male
Pearce,pknibleydu@dailymotion.com,Male
Ignazio,idamiraldv@omniture.com,Male
Jefferey,jgarbottdw@wikispaces.com,Male
Horatius,hloxtondx@altervista.org,Male
Nikolas,nbonessdy@techcrunch.com,Male
Normy,ntebbetdz@jigsy.com,Male
Harvey,htudgaye0@wisc.edu,Agender
Isidore,iisaacse1@yale.edu,Male
Tommie,twarltone2@statcounter.com,Non-binary
Iona,islaughtere3@usgs.gov,Female
Gerty,ghollymane4@technorati.com,Female
Garv,gmeadowcrafte5@ucoz.ru,Male
Corene,cbragge6@google.it,Female
Pen,pwogdene7@t-online.de,Female
Samuele,sallibande8@networkadvertising.org,Male
Hobey,hgentnere9@mlb.com,Male
Quincy,qshoweringea@sbwire.com,Male
Analise,alorimereb@last.fm,Female
Nichole,nericec@ehow.com,Polygender
Alessandro,apuddicombeed@harvard.edu,Male
Tamas,tlathyee@prlog.org,Male
Shelbi,smacgillivrieef@merriam-webster.com,Female
Glynda,ggylleeg@dot.gov,Female
Kile,kyongeeh@loc.gov,Polygender
Cobb,cpaysei@webnode.com,Male
Shalom,ssisleyej@furl.net,Male
Saleem,sbaddamek@yale.edu,Male
Nomi,naasafel@bravesites.com,Female
Boonie,blourencoem@salon.com,Male
Mayor,mburcombeen@walmart.com,Male
Bride,bhellsdoneo@dion.ne.jp,Non-binary
Ring,rsimminsep@elpais.com,Male
Grant,gticeeq@sakura.ne.jp,Male
Quinn,qholweller@disqus.com,Male
Phip,pfantones@tripod.com,Polygender
Chauncey,cpryset@woothemes.com,Male
Orren,ogumbrelleu@businessinsider.com,Male
Wilmette,wmcnelisev@icq.com,Female
Lydie,lmanleyew@rakuten.co.jp,Female
Giulio,gwoollardex@hud.gov,Male
Alain,asenechelley@answers.com,Male
Noreen,nglasbyez@mtv.com,Female
Isac,iockleshawf0@imageshack.us,Male
Russell,rabramovf1@umich.edu,Male
Clareta,cprevettf2@homestead.com,Female
Faith,fpencostf3@globo.com,Female
Northrup,nmacsweenf4@webmd.com,Male
Drucill,dbarratf5@360.cn,Female
Reider,rsoreyf6@geocities.com,Male
Blake,bbarajaf7@mtv.com,Male
Darsie,deglingtonf8@spotify.com,Female
Park,pcordeauf9@cbsnews.com,Male
Ezra,efirmanfa@chronoengine.com,Male
Reginald,rtwidellfb@dagondesign.com,Male
Sibyl,sstillmannfc@mozilla.com,Male
Colet,cpluvierfd@tinyurl.com,Male
Merrielle,mbullersfe@desdev.cn,Female
Collin,cmincherff@sohu.com,Non-binary
Harmonia,hlatlifffg@hibu.com,Female
Bearnard,bcaustickfh@samsung.com,Male
Frans,fbevenfi@nih.gov,Male
Joice,jturlfj@techcrunch.com,Female
Shannan,sgummiefk@buzzfeed.com,Polygender
Hercules,hmcgrailfl@hao123.com,Male
Karlens,ktoppingfm@behance.net,Male
Roarke,rstanifordfn@washingtonpost.com,Genderfluid
Olivier,ovicaryfo@sun.com,Male
Ariel,agillivriefp@a8.net,Female
Patric,ppiercyfq@flickr.com,Male
Elianore,enewlinfr@skyrock.com,Female
Genny,gcicccittifs@guardian.co.uk,Genderqueer
Florry,flonieft@pcworld.com,Female
Therine,tkornyakovfu@opensource.org,Female
Raphaela,rogusfv@naver.com,Female
Hermann,htremathackfw@ovh.net,Male
Cordy,cmerrigansfx@bloglovin.com,Female
Karon,kstuddeardfy@acquirethisname.com,Agender
Juanita,jreisfz@vinaora.com,Female
Anthony,ataitg0@ftc.gov,Male
Blanch,brackleyg1@time.com,Female
Joyann,jreedeg2@telegraph.co.uk,Genderqueer
Alberto,aextallg3@icq.com,Male
Charlean,clightowlersg4@last.fm,Female
Broderick,bfeatherbyg5@disqus.com,Male
Grove,gwaneg6@microsoft.com,Male
Batsheva,bmilbankg7@scientificamerican.com,Female
Sileas,sfranzonellog8@histats.com,Female
Giraldo,gpedrolig9@time.com,Male
Elia,eaxlebyga@gnu.org,Male
Meredith,mbolgargb@ning.com,Female
Oswald,oboathgc@163.com,Male
Sancho,ssammesgd@nhs.uk,Male
Teodorico,tvoelkerge@accuweather.com,Male
Joete,jquinnetgf@virginia.edu,Female
Zachariah,zzaniolinigg@hubpages.com,Male
Thorndike,tsticklesgh@wsj.com,Male
Nertie,ngaskallgi@mtv.com,Female
Arabel,abraggegj@state.tx.us,Female
Conni,cdollimoregk@slashdot.org,Female
Galvan,gmullisgl@jigsy.com,Male
Kippy,kdygm@wikispaces.com,Male
Ches,chennemanngn@yelp.com,Male
Neddy,nferrettigo@mapy.cz,Male
Gasparo,gbarsamgp@stanford.edu,Male
Miguela,mwellandgq@fastcompany.com,Female
Sanderson,sthomazetgr@naver.com,Male
Sawyere,sdurwardgs@e-recht24.de,Male
Brendin,bdebankegt@hexun.com,Male
Brantley,bspraggegu@amazon.co.jp,Male
Annabel,aparslowgv@tamu.edu,Female
Kirby,kdeattagw@is.gd,Female
Caressa,criccioppogx@ibm.com,Female
Dion,dbillegy@plala.or.jp,Male
Barbabas,blistonegz@blogger.com,Male
Merridie,mspitaroh0@ucla.edu,Female
Del,dportmanh1@army.mil,Male
Greggory,gcastletonh2@fotki.com,Male
Sollie,sshinglesh3@pagesperso-orange.fr,Male
Gregoor,gtrammelh4@bandcamp.com,Genderfluid
Carmelle,cburgesh5@hostgator.com,Female
Essy,egoggeyh6@reverbnation.com,Female
Margarethe,mmathivath7@purevolume.com,Female
Fleur,fcrannyh8@github.io,Female
Valdemar,vcollyerh9@aol.com,Male
Merlina,mehratha@mail.ru,Female
Bel,bblondellhb@tinypic.com,Female
Sammie,sbuncehc@ezinearticles.com,Male
Holden,hkennfordhd@smh.com.au,Male
Jackquelin,jcasillashe@yahoo.co.jp,Female
Leodora,lwillemanhf@nba.com,Female
Borden,bannesliehg@miibeian.gov.cn,Male
Melosa,mjerochhh@ustream.tv,Female
Anderson,aschellehi@php.net,Male
Elspeth,eoreaganhj@forbes.com,Polygender
Lorette,ldurnohk@hostgator.com,Female
Elnore,eperishl@businessinsider.com,Female
Danny,dsperahm@yellowbook.com,Female
Pierson,pplumhn@reddit.com,Non-binary
Kristy,krolyho@tinypic.com,Bigender
Robers,rclampinhp@networksolutions.com,Male
Pooh,psaintepaulhq@cdbaby.com,Male
Ignace,igounardhr@ca.gov,Male
Dew,dbuchananhs@hostgator.com,Male
Isaak,ifeehanht@addthis.com,Male
Liliane,livashnyovhu@rediff.com,Female
Ellery,ehardikerhv@howstuffworks.com,Male
Addie,alambolhw@surveymonkey.com,Female
Mata,mmacgraghhx@blog.com,Male
Cullin,cgetcliffhy@wikimedia.org,Agender
Sharline,smaasehz@go.com,Female
Prissie,puriani0@google.com.au,Female
Rolland,rdymondi1@bizjournals.com,Male
Bronny,bslatteni2@nymag.com,Male
Heidie,hwhittletoni3@nature.com,Female
Hew,hbunkeri4@indiegogo.com,Male
Devinne,dferrandi5@about.me,Female
Gasparo,gdunrigei6@wikipedia.org,Male
Cazzie,clynskeyi7@xrea.com,Male
Erich,ecastellii8@miitbeian.gov.cn,Male
El,eboytoni9@nyu.edu,Male
Daisey,dmingusia@wired.com,Female
Yasmin,yboxallib@purevolume.com,Female
Randie,rabramsic@livejournal.com,Male
Gideon,gmalimoeid@i2i.jp,Male
Aurthur,atwohigie@biglobe.ne.jp,Male
Keenan,kchannonif@chronoengine.com,Male
Oswald,omacphadenig@e-recht24.de,Male
Lothaire,lborzoneih@myspace.com,Male
Vassili,vomullenii@i2i.jp,Male
Quint,qclinesij@census.gov,Male
Husain,hchoakik@domainmarket.com,Male
Cosimo,ccelleil@go.com,Male
Neal,nconeronim@umich.edu,Male
Rosalynd,rbrocklehurstin@un.org,Female
Munroe,mbraznellio@ucoz.ru,Male
Alvinia,acubittip@twitter.com,Female
Quentin,qcutcliffeiq@qq.com,Male
Aila,aosorioir@omniture.com,Female
Chicky,cmahoneyis@washingtonpost.com,Male
Miof mela,mdonnachieit@vkontakte.ru,Female
Durant,dtalbotiu@tumblr.com,Male
Sigfrid,soxladeiv@pinterest.com,Male
Ondrea,obrauneiw@nih.gov,Female
Abba,amolanix@deviantart.com,Male
Cortie,ckennhamiy@homestead.com,Male
Briano,bnarbettiz@cocolog-nifty.com,Male
Garry,ghuckerbej0@amazon.de,Male
Phillida,palbonej1@sciencedaily.com,Female
Caril,ccrockettj2@washington.edu,Female
Anton,atearej3@dot.gov,Male
Augustine,aortj4@baidu.com,Female
Gusty,glaughreyj5@cpanel.net,Female
Vick,vsaphinj6@cmu.edu,Bigender
Burton,bgearingj7@bravesites.com,Male
Karly,kbowmerj8@usgs.gov,Female
Chester,cmillenj9@github.io,Male
Tori,tstrotonja@ucla.edu,Female
Wood,wguisejb@gmpg.org,Male
Hy,hpickerilljc@usgs.gov,Male
Buffy,bcoyjd@goo.gl,Female
Cchaddie,cvidoje@wikipedia.org,Male
Yvon,ygrunbaumjf@hc360.com,Male
Philip,pcaudrayjg@unc.edu,Male
Carmela,ctuveyjh@icq.com,Female
Clark,cbendtsenji@oakley.com,Genderqueer
King,kdrummerjj@dion.ne.jp,Male
Rania,roggjk@indiegogo.com,Female
Templeton,thaggatajl@yandex.ru,Agender
Faythe,fbelmontjm@tiny.cc,Female
Mattie,mrawnejn@homestead.com,Male
Shawnee,salabastarjo@webnode.com,Female
Loy,lgleadhalljp@sbwire.com,Male
Helen,htrattonjq@wordpress.com,Female
Tally,tskyrmejr@canalblog.com,Male
Cazzie,croddiejs@google.ca,Male
Stephi,sdowdeswelljt@photobucket.com,Female
Leila,lbrindleyju@weather.com,Female
Aeriel,alorenjv@google.es,Female
Loreen,ldymentjw@hugedomains.com,Female
Aldous,acorderjx@mapquest.com,Agender
Biddie,bwasselljy@usgs.gov,Female
Pauli,pdouglasjz@miitbeian.gov.cn,Female
Glynnis,gschroederk0@issuu.com,Female
Wolfie,wcissellk1@myspace.com,Male
Van,vjoelk2@harvard.edu,Male
Paton,ppietersenk3@ft.com,Male
Janos,jdillawayk4@ifeng.com,Male
Deina,dchessork5@discovery.com,Female
Gustie,gwyldborek6@ucoz.com,Female
Barrie,bhildrewk7@cnbc.com,Female
Joly,jkivlink8@archive.org,Genderfluid
Kalina,kbanfordk9@ebay.com,Agender
Dareen,djermanka@qq.com,Female
Isabel,ideversonkb@jalbum.net,Female
Esteban,emanktelowkc@hibu.com,Male
Antonietta,agrabhamkd@umich.edu,Female
Kris,kbyrneske@cnn.com,Female
Ray,rbarthrupkf@china.com.cn,Male
Giacomo,gseefeldtkg@google.es,Male
Lona,ljollimankh@nba.com,Female
Niel,npratchettki@google.nl,Male
Mose,mabrahamsohnkj@arstechnica.com,Male
Lavinia,lkorbkk@cam.ac.uk,Genderqueer
Lyon,lantoneykl@wix.com,Genderqueer
Tresa,tcamiskm@ox.ac.uk,Female
Almire,abeeseykn@exblog.jp,Female
Nathaniel,nsollimeko@tinypic.com,Male
Zara,zsiggkp@dot.gov,Female
Ronda,rmulkerrinskq@house.gov,Female
Winonah,wdormankr@deviantart.com,Female
Francine,fpartridgeks@last.fm,Female
Bruis,brunciekt@icq.com,Male
Carita,cbissekerku@biblegateway.com,Female
Tammy,tclayworthkv@skype.com,Male
Derek,dskillingkw@tmall.com,Male
Quinn,qwhateskx@redcross.org,Female
Jessie,jsouthanky@noaa.gov,Male
Anne-marie,aorneleskz@surveymonkey.com,Female
Freida,fgobertl0@360.cn,Female
Jan,jpizeyl1@wix.com,Female
Averill,ashaudfurthl2@icio.us,Male
Don,dbroadwelll3@plala.or.jp,Male
Mohammed,mwhitehousel4@bigcartel.com,Male
Frieda,fscrasel5@deviantart.com,Female
Nolly,nmccreal6@imgur.com,Male
Conant,crisboroughl7@cdc.gov,Male
Angel,atriggsl8@desdev.cn,Male
Keary,khabbershonl9@g.co,Non-binary
Reiko,rfauningla@naver.com,Female
Myrlene,myakebovitchlb@csmonitor.com,Bigender
Annalise,ascannelllc@over-blog.com,Female
Mario,mrigtsld@technorati.com,Male
Letta,lsherrocksle@eventbrite.com,Female
Alverta,ahairlf@nydailynews.com,Female
Daren,dwarrierlg@apache.org,Male
Josey,jbattisonlh@bing.com,Female
Cornie,cfilipponeli@utexas.edu,Male
Sauveur,sflightlj@nhs.uk,Male
Karita,kcraighalllk@cdbaby.com,Female
Franky,fbroughll@berkeley.edu,Female
Arnold,aceelylm@ihg.com,Genderqueer
Slade,spierroln@about.me,Male
Kingsly,kbahialo@discuz.net,Male
Arleyne,alambirdlp@google.co.uk,Female
Roman,rrosendalelq@samsung.com,Genderfluid
Moll,mkenwortheylr@qq.com,Female
Bebe,bmcquarterls@google.co.uk,Female
Dame,dbevislt@google.com.hk,Male
Carly,cbowbricklu@guardian.co.uk,Male
Kitti,kmumbraylv@quantcast.com,Female
Andrus,agregorioulw@sun.com,Agender
Veronica,vbonnesenlx@aol.com,Female
Tracy,tgoochly@nationalgeographic.com,Polygender
Merola,mmcgaugheylz@nasa.gov,Agender
Tamarah,tcahnm0@pinterest.com,Female
Adolphus,ataffarellom1@accuweather.com,Male
Mildred,mbelcherm2@lulu.com,Female
Rois,rpetrellom3@cbslocal.com,Female
Karl,kjullm4@yolasite.com,Male
Olly,ohellinm5@imdb.com,Non-binary
Kamilah,kstrawm6@geocities.jp,Female
Fancy,fcardowm7@skyrock.com,Female
Virgil,vdellenbachm8@ameblo.jp,Male
Neda,nperrinchiefm9@ft.com,Female
Abby,aoscollainma@bigcartel.com,Agender
Jaime,jhavvockmb@ovh.net,Male
Kinnie,kloynsmc@cyberchimps.com,Male
Correy,caveraymd@businessinsider.com,Non-binary
Alyson,aannisme@feedburner.com,Female
Lonnie,lharberermf@biblegateway.com,Male
Gav,gnialsmg@com.com,Male
Willa,weldershawmh@furl.net,Female
Vale,vcaberasmi@yolasite.com,Agender
Netti,nannearmj@ebay.com,Female
Cordy,cdurranmk@loc.gov,Female
Hewe,hboncoeurml@prweb.com,Male
Nelly,nprigmoremm@barnesandnoble.com,Female
Toiboid,tjerymn@wiley.com,Male
Jacinthe,jsleneymo@fda.gov,Female
Law,lhillburnmp@slashdot.org,Male
Helenka,hiannettimq@time.com,Female
Adan,akinworthymr@addtoany.com,Female
Culver,csharrockms@amazonaws.com,Genderqueer
Leelah,lgivemt@jalbum.net,Non-binary
Austin,amccreedymu@disqus.com,Female
Tabina,tdykamv@amazonaws.com,Female
Tedd,tbesseymw@toplist.cz,Male
Yanaton,yrydingsmx@oaic.gov.au,Male
Perkin,pbladesmy@reverbnation.com,Male
Feliks,focooneymz@51.la,Male
Geri,gschustln0@slate.com,Female
Winifred,wdipietron1@sohu.com,Female
Erica,emachentn2@sogou.com,Female
Fernando,fgaitern3@bloomberg.com,Male
Packston,ppadgettn4@slate.com,Male
Sebastian,ssmithsn5@lulu.com,Male
Estelle,ehuberyn6@dion.ne.jp,Female
Dorotea,dclimern7@wp.com,Female
Esta,egostlingn8@cisco.com,Female
Valentine,vedgcumben9@qq.com,Polygender
Cindy,croughna@google.com.hk,Female
Mord,mbrinkleynb@bluehost.com,Genderqueer
Godfree,glegerwoodnc@thetimes.co.uk,Male
Georges,gadderleynd@army.mil,Male
Elie,emccereryne@eventbrite.com,Female
Joice,jbamfordnf@trellian.com,Female
Trudie,tmcgahyng@wordpress.com,Female
Siegfried,sbarnshawnh@goodreads.com,Male
Noel,njowlingni@joomla.org,Female
Jacobo,jcharlottenj@bloglovin.com,Male
Steffen,sbeelbynk@toplist.cz,Male
Angelica,arudolfernl@msn.com,Female
Cariotta,cdelafieldnm@creativecommons.org,Female
Katerina,kshillabearenn@rediff.com,Female
Giulia,gwhittetno@hao123.com,Agender
Josy,jglasscoonp@jiathis.com,Female
Roxine,rsattinnq@fastcompany.com,Female
Dierdre,dmccreathnr@cdc.gov,Female
Owen,oschubuserns@cornell.edu,Male
Ailbert,ahoyesnt@a8.net,Male
Cirstoforo,cmacdearmaidnu@about.me,Male
Zachary,zdeeslynv@vk.com,Male
Lewie,lpawsonnw@techcrunch.com,Male
Kincaid,kbarthelmenx@imdb.com,Non-binary
Gram,glucksny@miitbeian.gov.cn,Male
Dagny,dduddennz@com.com,Male
Kellen,kdumsdayo0@ucla.edu,Male
Robbyn,rbramonto1@liveinternet.ru,Female
Mamie,msnufflebottomo2@elpais.com,Non-binary
Peder,pmechano3@usa.gov,Male
Traci,tmacallano4@seesaa.net,Female
Dalt,dboldersono5@hibu.com,Male
Mariejeanne,mmaccallamo6@statcounter.com,Female
Nealon,nkauscheo7@dot.gov,Male
Dermot,dreynaulto8@yahoo.com,Male
Clemente,cgaspardo9@statcounter.com,Male
Karl,klomasoa@themeforest.net,Male
Carlos,cnorwoodob@joomla.org,Male
Edee,efirmingeroc@theatlantic.com,Female
Aleece,ahandlinod@bravesites.com,Female
Blisse,bcondliffeoe@posterous.com,Female
Vicky,vgoodburof@purevolume.com,Female
Marielle,msmurfittog@constantcontact.com,Female
Edi,ecaseleyoh@usnews.com,Female
Sayre,sallwardoi@friendfeed.com,Male
Coleen,cdavionoj@dell.com,Female
Prudi,plaredok@samsung.com,Female
Aleta,amaevelaol@dion.ne.jp,Female
Gizela,gruffellom@github.com,Female
Taffy,tgladtbachon@google.es,Polygender
Adora,arewoo@uiuc.edu,Female
Wade,wpoltoneop@nifty.com,Male
Chloette,ckestinoq@com.com,Female
Crista,cfulliloveor@bbc.co.uk,Female
Murray,mnelthroppos@cnbc.com,Genderfluid
Talbot,tsailorot@joomla.org,Male
Allegra,agrunwallou@google.nl,Female
Desiree,djeryov@addtoany.com,Female
Quillan,qbavesterow@ifeng.com,Male
Rorke,rwassox@microsoft.com,Male
Caspar,cmatterdaceoy@shinystat.com,Genderfluid
Salomi,sdroghanoz@flickr.com,Female
Alvin,aburmasterp0@dedecms.com,Male
Steward,snorthoverp1@whitehouse.gov,Agender
Dedra,dgaryp2@google.cn,Female
Lucius,lbrislanep3@adobe.com,Male
Manya,mkinvanp4@xinhuanet.com,Female
Bekki,bzannotellip5@mac.com,Female
Carlene,cfalkinderp6@chicagotribune.com,Female
Georgetta,gtopingp7@ow.ly,Female
Nicol,nkibblewhitep8@live.com,Male
Stoddard,scumbridgep9@pagesperso-orange.fr,Female
Kathleen,ktoupepa@patch.com,Polygender
Gwendolen,gpendridpb@nhs.uk,Female
Norrie,nwichardpc@digg.com,Male
Wynn,wfantonepd@businesswire.com,Female
Garry,gplackstonepe@craigslist.org,Male
Geri,gfanepf@apple.com,Female
Lilllie,lchitteypg@google.co.uk,Female
Babara,bsimanenkoph@newsvine.com,Female
Fulvia,fgogartypi@about.com,Female
Baldwin,bvandalepj@blogger.com,Male
Emmi,eyoungspk@wordpress.org,Female
Tiphanie,tjordonpl@rambler.ru,Female
Beatrice,bmacmeanmapm@twitter.com,Female
Ber,bwarcoppn@zdnet.com,Male
Flinn,fconnealypo@vk.com,Male
Elysha,eboydellpp@xrea.com,Female
Zachary,zkenyonpq@pen.io,Male
Clayborn,cbertlpr@answers.com,Male
Kelly,kdewildeps@youtube.com,Female
Sharity,sbonifacept@slate.com,Female
Kinsley,khamptonpu@quantcast.com,Male
Johna,jcominopv@reverbnation.com,Female
Marybelle,msomersetpw@miitbeian.gov.cn,Female
Shaughn,sriddlerpx@theglobeandmail.com,Male
Jenica,jgoldsterpy@globo.com,Female
Perice,pduchantpz@cmu.edu,Male
Renae,rdeniskevichq0@wufoo.com,Female
Gibbie,gmocquerq1@ycombinator.com,Male
Nikki,ngrollq2@dailymotion.com,Female
Edgard,egallemoreq3@ycombinator.com,Male
Freddie,fdythamq4@youtu.be,Male
Linn,lkaesq5@sciencedaily.com,Male
Conrado,cgotlingq6@unc.edu,Male
Andi,aissittq7@vinaora.com,Female
Ilyse,imesserq8@a8.net,Non-binary
Dave,dcordeiroq9@indiatimes.com,Male
Bourke,bmeharryqa@nih.gov,Male
Felicity,fbillamqb@tinypic.com,Female
Maxwell,mshellardqc@shareasale.com,Male
Romonda,rbrauneqd@acquirethisname.com,Female
Salomone,sattackqe@ed.gov,Male
Blaire,bkildaleqf@slate.com,Female
Forster,fchauveyqg@about.me,Non-binary
Danella,deneasqh@zdnet.com,Female
Manny,meadeqi@scientificamerican.com,Male
Aggie,acollumbineqj@opensource.org,Female
Tab,thappelqk@nyu.edu,Genderfluid
Hermie,heggertonql@go.com,Male
Carlie,cprinnettqm@so-net.ne.jp,Male
Hamel,hwhitehouseqn@walmart.com,Male
Lyndsey,lbassfordqo@surveymonkey.com,Female
Simonette,smacvaughqp@chron.com,Female
Elsworth,egriffeqq@tinypic.com,Male
Christos,csammonqr@state.tx.us,Male
Scott,sblaycockqs@ted.com,Male
Bert,balesbrookqt@spiegel.de,Male
Fernande,fedworthyqu@alexa.com,Female
Charyl,cbalderstonqv@51.la,Female
Suzi,snovotneqw@scientificamerican.com,Female
Meta,mdunphieqx@hubpages.com,Female
Anthony,aastleqy@scientificamerican.com,Male
Charmian,cglederqz@whitehouse.gov,Female
Persis,pmacallenr0@edublogs.org,Female
Robbyn,rnilesr1@reddit.com,Female
Marshall,mpriestleyr2@buzzfeed.com,Male
Spike,stamburir3@archive.org,Male
Fawne,fkinnaner4@webeden.co.uk,Female
Hugh,haskier5@latimes.com,Male
Allister,atrickerr6@google.cn,Male
Alvira,acharker7@imdb.com,Bigender
Abbe,afitzgeorger8@freewebs.com,Male
Roscoe,rbathoer9@jigsy.com,Male
Nicolas,nrubinszteinra@eepurl.com,Male
Willey,wbillingrb@cnet.com,Male
Loy,leptonrc@github.com,Male
Madge,mgoodererd@github.io,Female
Nerissa,nresunre@cloudflare.com,Female
Shelden,scheyennerf@twitter.com,Male
Friedrich,fgehrickerg@nyu.edu,Male
Gail,ggostagerh@dagondesign.com,Male
Ibrahim,itriggolri@sogou.com,Male
Ellary,etettleyrj@wordpress.com,Male
Neilla,nalsfordrk@wiley.com,Female
Robin,rtewkesburyrl@ovh.net,Male
Madge,mkeseyrm@squidoo.com,Female
Dominga,dseifertrn@cornell.edu,Female
Beulah,bglanvillero@princeton.edu,Female
Ruthanne,rgoodmanrp@webmd.com,Female
Clerissa,clafoyrq@cbslocal.com,Female
Veronike,vglandrr@e-recht24.de,Female
